0,1,2
0.24243151673060148,-0.15171124128440094,1.1780610913448735
-0.794050620156467,0.3178446036118621,-1.1274138566468275
0.023217977468083784,0.38491297329180635,-0.6994777358459282
-0.35848459241258784,0.8480084560326296,-0.4360915486466931
-1.5264616428248228,-1.640502690971653,0.04572986451687021
-0.7794313827459626,0.23071314307092297,0.5081994153584827
-0.25203380401648523,2.124158049004348,1.0385508311820388
-1.1721772443028653,-0.006025636884019926,0.870201085485097
-0.07984989022776559,-0.10458605618908193,0.45717306522855294
-0.4275975248372986,-0.07907751728310013,-2.099143014191814
0.8159282210738421,0.6592365592379809,-1.0354434646129052
0.4792840395181955,-0.36721551984381307,1.3041295536409163
-2.0823170145314225,0.011478435621579504,0.5456874141738439
-0.4713537591905266,1.8365668500519343,1.6980236664142492
0.5576165883662012,-1.0925368907142552,0.9644138707946595
0.2279077802748798,-0.9155584564820716,1.0992986647780925
-0.4009145082305669,1.3069683539580446,0.8921586813579936
-0.4909388451543888,0.7669115010842241,-1.0370550753346433
2.5757010936974702,-1.0384315189377125,-1.9373974079886007
-0.027856964835898876,0.4796292698975759,-0.5352162498264661
-1.1379012887176383,-1.3626353177485164,-1.3051972602175956
-1.5853393251710612,-1.1244962047419855,-0.17826485400410477
0.7322764318500535,-2.531789220673601,-1.4017851700256332
-0.5348619754325094,0.0016873983204289133,-1.9383658206268
0.6668880380159377,-0.45822288588660515,-1.9936644185001322
-1.0022168450924245,0.6932538095022093,-0.16931829694858752
-0.5219565156084893,2.4852894539812715,-0.18524762924299218
-0.26212951471642143,0.14426226747107587,0.8476819524504468
0.5036308929332995,-2.492874505157921,-0.6919846455955189
0.19810055947009317,0.15030081702830167,0.5518110065585229
-0.6028345385977119,-0.9571488568676954,-0.4337016132100586
1.7339976349178918,-0.4972645381108418,0.3063677455955826
-1.1974477668597308,0.6175546989850956,-2.107916059674577
-0.22277834608104305,0.9853884415460477,-0.3077652801269273
-0.5417421392311258,0.5532713180524461,-0.887004447781678
-0.06662770087677164,0.8546083139840314,-0.6468434717038091
-0.46610256604871236,-0.8655778672155243,0.7461749046913885
-0.5306871677231498,0.01939314519978066,-1.175686114520281
-0.6021658502786789,-0.8169253103128147,-0.20265043384991702
0.2506547487407229,0.14661494347297338,-1.4089377937365515
-0.9049181576986779,-0.7211150246756668,-1.1680514665600261
-1.458426609741998,1.4509481718294088,0.056294075653242286
1.2484837158503859,0.5617583826685356,-0.25443384498316246
0.4277172843938975,2.033664734627194,1.5993619118323665
-0.17320428714892647,-0.48825457033197,-0.41930239173171613
0.6715299997488317,-0.15001694146161734,0.6708218715027102
0.46288816019320284,0.16177758517815513,0.2016144406616224
-0.04679541919843079,0.5149408624692736,-2.1973479812137064
-1.28180713402574,-0.3924867947626827,-0.40114000254975357
-0.8947672975272956,-0.43253293899215195,1.5337068142018708
1.7702596366182755,1.730045026288022,-0.002577147459044744
-0.3901347780362373,2.044000446600899,-1.6309937173636955
-1.2187640006257017,0.35226755069808574,-2.055377297970591
-0.2747747414217993,-1.155185352908805,-0.03753530908421335
-0.4835000877437728,0.7025342022167829,0.42594415394584567
-0.11042359442109033,-0.6735373990195711,0.6131737450198658
0.014834071230287765,-1.0633757717132997,-1.0588676731257247
-1.0745033808667335,-0.16840119705284248,-1.4564945029580265
0.28353438224748706,-0.4415247660195995,0.35792890808368116
-0.2819901798753013,-0.1840476219150347,0.1784507872175547
-1.340590329989055,-0.4928449693169921,-0.4557397378732203
1.016642517315363,1.949912475165385,-0.8196235226174337
0.8648750983934406,-0.06533783793026812,-0.7399273451242971
0.10457182439295204,1.8835903452406588,0.04840565235554708
-0.3413909291788299,0.2593398477922475,-1.5419081393104563
-0.6500192775716203,-1.0697969097590778,0.22653612839014786
-0.3571236838232103,-0.6120941522735208,-0.37439050317761785
1.2000949947682604,-0.28350112637104924,0.637882069693037
1.9892819807284667,0.6449103931096197,-0.24113717152675132
-1.8070996793313265,0.13850290844017915,-3.056604355140966
-0.32624253116492347,-2.4143519736029604,-0.8438540857055962
-0.1465286300002738,-0.3614449679823737,0.09720001992473398
1.0951586305860284,-0.9129958397332476,0.18854575907298424
-0.3603016081306494,-0.5087407166315299,-0.1494062765341145
1.4803456549751746,-1.3695829010108083,0.4867736799275547
1.1577328366021176,-0.46304890280312194,0.8914452232403044
0.22986541046377285,0.6451916188489091,-0.7643773385270176
1.0238161771823981,0.2734600834635441,0.1596641517498298
0.14927065284270602,0.8792443862007545,0.695978576813185
1.3382334881322744,0.7138700606500449,0.8321434183898071
-0.3252931890101113,-0.7123254359299745,0.26523486728764933
-0.17973647211383126,0.04638517269962887,1.206480037621353
-0.891183873383642,0.820322123417678,0.8220892685977571
-0.5182183238291633,1.1301340364765917,-0.9951978209598027
-5.202862724107397e-05,-0.5014629615827497,-1.5876525165197988
-0.4551159401309386,-2.0149153215543865,0.7755860178999224
-1.065232266667934,-0.1729107504095728,-0.01917878207023129
-0.05805499311934944,-0.1115960944824665,-0.31470271596271143
-0.5804470504439134,-0.5706673502022473,0.902023863280383
-2.5922238666618838,0.29507337029241526,0.7458568264564027
-0.9135241959458277,1.4655605498800697,-0.5810128946308868
-0.36626586897266095,-2.3242375638850374,0.6353530921133981
-0.21453527635287198,0.19494602382154744,1.0243658262640645
0.3018699580773882,1.0257570140788503,-0.7765935584312132
1.385410714588921,-0.559766479509449,0.6013330046609123
0.11190701436442604,1.6933372140830956,-1.234168851597389
-0.6791536714811396,2.0260732500113283,0.9382250348116775
2.1234709697861547,0.7707863700152443,1.6911902983559939
-1.4970400457981887,-0.6929746004118315,0.09163223849259558
0.8193807960714292,-1.1886164987307049,0.2968411274945188
0.732563377541616,-0.23237480836249894,-0.9512376424574281
-0.5359092423049188,-0.25564656368295746,-0.31630444152427
-0.26211158225054976,-0.15837343550156677,-0.35302066464966647
1.4148374895357136,-0.7820497248826671,-0.6041172709041529
0.405761319999891,-1.3610138332255475,-0.5633261933452193
-0.003542244232410298,0.7352657473329345,-0.49247107259755657
0.4296546629673752,1.378683312923475,-0.9714418484051037
0.221595793355685,1.0317712399894736,-0.7093243608150003
-0.6698454194418534,1.1284746893900892,-0.4213328693575081
-0.13403293016625764,-0.19956961631051737,0.9937879481793626
0.839053890595837,-1.1979254880240628,-0.06897237257686978
1.1335330271204724,1.3272648941148952,0.15299374509322997
-0.0888016550024138,1.0475267881297583,-0.03984462284915445
0.9471915807058052,-0.5270493729073163,-0.5209689409761787
0.1463959207587096,2.093194769333536,-0.10044973604198654
-0.9886499114315094,-0.14075421742196387,-1.9699738134672233
-1.1231628219842051,0.2649671497130085,1.150767975138127
0.6829707035940136,0.11511661327299018,-1.1389679230728427
-1.164772933848019,-0.49468782454100635,-1.25998474056447
-0.8079274106981601,1.305762774970029,0.6411751492149629
1.080637739541646,0.3158234699840522,1.101072461801787
-0.24127850780923163,1.940624688214357,1.1074671578832713
2.0281731507433953,-0.5389565387247323,0.5867193033893339
-1.3542397357191338,-2.0571719590491444,0.5313470179840838
-0.1772583436971188,-0.799140845669769,1.2671880898249066
-1.5068105959117795,1.617334620906734,0.11556794987941679
1.6672507473881923,1.3148135103200023,1.0497271656103606
-0.3553132257642149,1.171059777907829,0.5270067366042651
0.2802373393309273,-0.7118705700144402,0.07610458884332862
-2.6180585348720555,0.8664375696445357,0.7233608113648106
0.8369163553213609,1.1872092537737602,-1.6356413894428936
0.25919078912668975,0.27752813832410034,-0.9717862811759174
-0.14703502225037052,-0.010492804225040907,1.119105766794012
1.5568374418861237,1.0501647422311422,-0.9048092304379624
0.7013819003093473,2.1530966333481065,-0.5569209380572147
-2.011981980734053,-0.2598322493666745,1.7783292348648716
-1.2569971790222045,0.09871843823400868,-0.8869796441771883
1.3166000485047866,-1.383930812180844,-0.18465638788870442
-0.5389301241635667,-0.8528514785797074,1.3945891573373366
-0.3973773346857971,-0.2594660373693745,0.23378873961345104
1.953060744522857,1.6745974583931975,1.1230992040549896
-1.9524722671767716,1.0032822865892734,-0.9036407243495074
2.782755344578294,0.026342922218346217,-0.70636723790834
0.2754217606392543,0.6386710546545258,-0.7250406644219182
0.32123270016972816,-0.38569757387096837,-0.1939586910353987
-0.07946046238919248,0.38507599501440615,0.10176350163606325
1.2143098773119658,0.5714165028223656,-0.6595487617348783
0.10846784266367379,0.6777918880153365,0.730823036183454
0.15507079591501802,-0.3729293400574401,-0.664768352469411
-0.1394241103231245,1.297915673189299,-0.9462350184626798
1.4268664777427653,-0.27716965761950185,0.4583108937522781
-0.9232393608437547,-0.9648759975230525,0.6807187246841885
1.2501857766058442,-0.43488430442307197,0.56560074280142
0.9867963714633305,-1.9628627119667121,-1.417807579222726
1.1688822559374017,0.12877086745583702,1.059577005738828
-0.8705739350481171,0.1533920071625117,1.4641617786958556
1.0965560038179192,1.1726874537792822,-0.11976589272938568
0.2112502518827738,-0.7441007996010197,0.17150510444239767
-0.3761909020263406,-0.21723108768585786,-0.7214233952669588
1.0006197855789436,-1.4542184744008693,-1.0635584253578267
-1.605428178673154,0.986034575214978,-0.9831494465580559
-0.5085654469824984,-1.7012348644076665,0.7103959546625286
-0.6809196570982069,0.40627082603257897,-1.3212096761855359
0.3334754391970867,-0.05077851545317609,-0.5765418878874126
-0.15283272711137397,-0.36105895160099105,0.770355111376014
-0.1830654780252725,0.23053262096164043,-1.0518168140081654
0.4313959070969825,-0.7789586683547434,0.24718989776645636
-2.2108338643316943,-0.2994700995540947,0.6494318272166432
1.0173853140547766,0.7417051261924543,-0.2299030969570645
1.9246472245289359,-0.4530483399434191,-0.257396677871459
0.6480699255010336,-0.9689137662720374,-0.5910492239347038
-1.0878397032035987,-0.7977789666560945,-1.2363604657615106
1.8148305042488235,0.11194160530376095,0.8504983581094883
-2.118125442560087,2.0134713739133976,0.3085278992136819
-0.3338503896106145,-0.8048985945629968,0.1406270425581925
1.2954786106033305,0.31060956635901704,1.02412434825442
0.21626700024027784,0.29642992235102744,-0.21625254666330043
0.5480202400019389,0.4674346068945478,0.49353301259259
0.2228433489382675,0.11983615884729878,-1.5967936950995218
-0.2783121974416996,0.05532812195197327,0.16881469918214465
-0.5564422286810561,-0.8157910757963893,-0.10209566789856094
-0.787457800474257,0.23742765809686708,0.07200935691958257
0.2153636640477069,-0.8471727526483761,-0.8328346063277242
-1.3149175827284068,-0.6575286670397621,0.25119103907430945
-0.2595912070967983,0.16116575249169676,0.9901163065736697
-0.4312090684631135,-0.22105753281627516,0.23830308935331118
-0.6391736807355806,-0.9365429590436279,1.3475811826267152
0.946019677032197,-0.026377427216652743,0.42783238569192994
-1.7046888738847976,0.6979747567631432,0.13298995388395837
0.12266351931380981,-0.8256823902360817,1.1017592665592462
0.41540928630083523,-0.7665145030895466,1.347211646740488
-0.2824697159383452,-0.1269748763533409,0.39586504078661056
-0.10359869001431771,1.7873246098195508,-1.871496566374503
-0.6291178470850759,1.599205167766544,2.123751501725529
-0.3815170794128827,-1.1689711795523345,0.21364368478090764
0.0033510479463401393,0.8217674327760256,0.9669112897046463
0.7145982996557724,1.059697579581835,-0.7767104370005997
-0.34424899455292124,-0.22676060387306743,-0.2606943917962863
-1.0701897887696865,-0.23182953404903303,0.49671077354519133
1.2024263562306385,1.9345957987066416,1.3012212965691758
1.7783205935258948,-1.3092758048470294,-0.7855925658434174
1.2434490159714002,-0.6247552533760155,0.070954069565329
-0.3383811405052539,1.8997262782279327,-0.6807642887282196
0.26013099091397923,1.7723839531438363,-0.08249287470876238
1.0348251843479386,-0.852093646688028,-0.09020406503106
-0.0646614727064164,0.3189420324793759,1.220208539144914
0.6371796434038759,0.15805793788113104,0.46234624950713793
-1.7156913670854708,0.11288341135898582,-1.4195196937054153
-1.8122391682738157,0.6170242977517536,3.032842454378328
0.3768528676934403,-2.244430327412823,-1.0204179883937523
-0.1723487554493925,-0.5703430795364504,-0.36669438155742334
-0.25814542963993026,-0.8143333963296772,0.9155219522965222
0.8047919352993819,1.2163476212509867,0.39821917019718955
0.3144098023179139,-0.8882883196902696,2.4535755684762157
1.1254836369094408,0.5632244153568756,-0.3597827307968736
-1.0066360149437603,0.20040041910130785,-0.30486432434037636
-0.28179121808979773,0.2851934560437009,-0.056685711796299845
1.1219668730238272,1.1832072932353852,-0.40882156114784
0.4391134815848922,0.9424300695544646,0.9400889801216347
0.2899615174089145,1.916690655564125,-0.8267750335463937
-0.7844783922923395,-0.14270369661031845,-0.4289052180782293
-0.0002980617158241064,-0.7724494577172731,-0.21260741002592376
0.6656297713052116,1.3863562658707123,0.25274410804017805
-1.7747326921539217,-1.745631015339848,0.11191690313373509
-0.08535286827414265,-1.2279882119693308,0.3299399014616283
0.1468472654599131,-1.2299607368676984,-1.3550515857580852
1.5975716858013578,0.6175202190892745,-1.01508486581993
0.5096331668116949,0.6044157758920139,0.520126481083712
-0.282707514921801,-1.6708559070277123,0.6134004363419407
-0.8639515803372678,-1.128901568155747,2.792206948146198
-1.0034194114540285,-0.9430116138389472,0.6843355658493505
0.1607560432110159,-1.5591523819322775,0.8981553830914554
1.15411679742616,-0.28432829210614313,-0.867069054690288
-0.20959671696337417,0.4548811562028195,0.011922650417006554
0.5282492782168832,-0.5545465446473032,-1.1057624472525576
0.20852416016629904,-0.7150422559105075,-0.8410063968249195
-0.035680267551465854,-0.3933813099178804,-0.5783626397249116
1.5683018861339963,-0.8791161219839623,1.0183729614910535
0.11159213579774098,-0.7838099348583526,0.4051319638962758
-1.1398502066528375,-2.2088188297507307,-0.18042636649142105
-0.650387487544919,-0.7647047991359978,1.0022600547735412
-0.5645509695779144,-0.08991191003983581,-2.637579828053452
0.10306146790070755,1.1016029620911838,-0.036782699156998035
-0.3077190786337338,0.7795354378720848,-1.9941978788974843
-1.8869316321549547,1.1997367031800872,-0.4822975497085106
-1.6884854912335368,-1.0230678808643476,-0.50032390444262
-0.20194728958327,-0.5471551082260705,-1.8516253249894206
0.11095650850639084,-0.80108334723681,-1.0783894044386362
-0.3443781384884421,-1.2065990819485959,0.6221369025164083
0.3973282692661963,-0.32736374897504916,-0.019630559366962164
0.7668786836680862,0.15312227847998713,-0.6643527921221067
-0.6488495067707499,-0.44691670458028604,-0.14862018881335695
-1.021855925793015,1.1081920993768117,-0.6390725868107301
-1.5984424119590404,0.2581801142592098,-0.09175420410916776
-0.0612809914073172,0.12789867565608865,-0.2558823969238066
-0.8777800744964034,-0.15670515386404552,0.9177875453955125
-1.1856559008434693,-0.3253735356242301,-0.3346788579807852
-2.1457505609487537,-1.6840956689626392,0.4368458297623932
-1.2300165632939817,1.6996925621445684,0.18429548804524648
-0.6380384381790113,-0.28686160736038235,-1.3580044031256246
0.46883164148351797,-1.2380316231564772,-0.2947836347680725
0.59275889845668,-1.4597579881196352,1.4780252729946808
0.4058910507664507,1.1618909620655051,-1.6179606317448276
-0.7751726638162464,1.7211807224176168,0.8201059193255023
-0.04096166853776869,0.4920840625597881,0.4892930513858211
-0.12497174119195198,1.7017783151114585,1.142449386401832
-0.39655901959121126,1.039754890732915,-1.5831071081748738
0.16375025137525825,-0.66243674687261,0.2337534738789286
0.508456685501056,0.003088696793153956,-0.1414476965460763
1.6609404188319996,-1.6039876248224954,0.5218233082168152
0.5615656481875513,-0.30147109703951036,-0.8361450813465904
-0.26046387312114905,-0.21354983493846041,0.40831721547534033
0.2329407368526777,0.23110506773853456,-1.5828215509239587
0.7895533801292491,0.5318118250065923,1.036614378352874
0.30435961834383024,1.0863159549733277,0.9699928245135795
-1.1177321584325581,-0.11035050270826804,-1.5572884576493808
-1.6740834616545555,-1.2649958311064449,-1.609339444082294
0.5120013743381472,0.2782736394320477,0.9336241422072248
-0.09594853406483829,-0.19850926749885203,-0.3110617035120054
-1.1945745397330547,-0.05839843360814462,0.8026641168913481
-0.45683745587477037,-0.11661795705713307,-0.3704621086338854
-0.21042965345528084,2.240748790562235,1.3537926331048051
-0.22201255809329995,-0.15270854636106246,-0.43725734241449093
0.8852368850471602,0.13212958416514384,0.20253004466708605
-1.3499168119111902,0.5737546474142693,0.09511898850545178
1.248290923132983,-0.3467061896036991,0.7486507923137989
-1.3385540601819703,0.16995869778832706,-1.2826930154820593
0.3613244113461064,1.2147532503598935,-0.7396923378895521
-0.40120124460687917,-0.4985549357669673,0.5197146688023743
0.7607562551245194,-1.005754330678727,0.19642751227396893
0.4766112329100944,0.019276287104502604,0.8342434017716198
0.21803032792272603,3.6036783810523767,-0.44001793581874626
-0.3830516332584421,0.1361739446965757,-0.3554773989554922
-0.49409189473704485,-0.2750609742838031,-0.7028132645740571
-0.8506516155247127,0.9945218867623966,0.4263989197384429
-0.8160293718899192,0.25113963514144394,-0.457486198977247
0.017019301838544873,-0.8403667119817823,1.8889093577444565
-1.0729616546373528,-0.8202388449179651,0.6422114688514646
1.5725665085432272,0.1150044097713169,1.0834532091024396
-0.044495519249738026,1.2679125076988755,-0.10059493745506005
-0.7644186549046513,0.3414610253132851,-0.83533341040748
-1.589893841390951,-0.35905431044238295,0.32135830518498143
-0.8456205338527523,-0.9797772401037838,0.5003782363306926
-0.8219832225895526,2.2328315472530456,-0.15605977506279103
-0.32349032148762347,-0.4502643246997293,0.6211385552946289
-1.0716277983753164,-1.1372014393460543,0.8917929431242788
-0.8838275308164987,-0.4988630848338329,0.7857501880142316
0.6133652334763154,-0.9573000400070543,0.3279497158835759
0.8250467417351803,-0.6217765909582353,0.33432769850129607
0.7076434807093227,-0.30509006075742134,-0.9001840795431941
0.4901442091447491,-0.7942393786248989,-1.8918420028917613
0.41150963638737864,0.3264384242775989,-0.24899435728172664
1.07313812613844,0.209698117509056,-0.5341568878302917
-1.6819282741152373,1.172108141089295,1.672301497496361
0.3612621727248429,1.2640424340323195,0.31804728815558686
-1.154303005581144,-1.7530433213611714,0.7237307225574479
0.05149926759042573,-0.2027369202081163,0.1966918366523826
0.15479816833329207,-1.575798569661096,0.12092057611957233
0.5796361605215297,1.0174402167659804,0.570309667668612
-0.02675172799100926,0.15237950297647077,-1.399091313199878
0.6012921927723243,-1.5932465802556914,-1.8595866416269689
1.3318000644500598,-0.5508044979684356,0.20111943106493982
0.568847677875612,0.9767514273251094,-0.1798867377275008
-0.12933040153425848,1.4644504005419265,-1.4488840536025016
0.8854351077110727,0.7863753089383745,-1.3434987644600567
-1.4824168831687627,-0.6986332983801478,-1.0302845045395084
0.3812895337342106,-1.0660725644416482,0.2196186071165882
0.9374233675728154,0.1898146331927062,-0.2859971698394106
-0.6830362450468085,2.089551400325003,0.4328643083465928
-1.3238619754343468,0.6493234716975631,-0.32502414895851256
1.51741387252745,0.3364211327941788,-0.4924466911873007
-0.09565702184747227,0.20424134610263894,2.494509351733502
0.12897221030702488,0.34348433721568583,-0.7846006783064488
-0.10540639366941353,1.1602526754624545,2.1714553787680364
0.15067672148365202,-0.39783994844124504,0.6564890231421763
2.2807506631106262,0.03178862475284327,-1.9387583703954838
0.48932777289409335,1.0529184051331453,0.23272232135162121
-0.53920107420441,0.9596496245394313,1.3933110123936714
0.6639781060441837,0.6476469427899922,1.331884046504121
1.2833157882637125,-0.764960328067863,-0.29104809018713973
-0.5183469661964769,-0.9187021863803798,-0.2945867273033529
-1.6655214284022903,0.5459257224744615,0.6292847955460904
-0.7039975749914956,-0.9281730487756137,-1.265300471233439
1.0689839949293225,-1.5797889578272146,0.9970791625420266
-0.8562998469046204,0.2927036390899853,-1.7981836545750034
0.13977313912138525,0.5274669543927082,-0.3356934060288203
0.8699932885945222,-0.5996461333152802,0.7613213402770654
-0.6157117944865979,1.6330859012998573,-0.26673849611217876
0.720788444139138,0.8223579023187647,0.42096409406969987
1.8718548862146835,0.11797561504317773,0.4587633443710235
-0.6360728199911975,0.06127039817281387,-0.5471467170555896
0.6930542590317741,-0.10166129962153124,1.0331511502498807
1.0769361332771281,-0.7308102633654097,0.06689656629940388
-0.1083342258501876,0.9396306788134943,0.33708706752428025
-1.9984113536837587,-0.6072637854043224,0.085371850880155
0.6138903878054829,-0.5105313346848193,0.1988185964859954
0.24248184820344212,-0.2856607701831224,-0.10729660868522702
-1.1238010418017064,-1.5344607565662394,0.3228771442312726
0.40414377262564827,1.3337699442116278,0.1951940383771546
-0.3603533354049394,0.6548063611397426,-0.4173624043385895
1.2482236470336163,0.6834416934867731,-1.154629504173161
0.5108134149794333,0.5206436199386154,-2.265232401431837
0.1675688112695559,-0.6988109538094933,-0.2211975334016289
-0.4177170912987718,1.6252983832272194,-0.263351531973811
0.3864158157271378,0.9663823781481378,-1.0961308013499655
-0.5056435599815434,0.6072871439966109,0.370981339890445
-1.1095856083817606,0.6012078864023298,0.6059756015607152
1.0222347233964881,-0.7479383671891555,-1.3647153900981834
-1.0089039767010712,-0.5860601754887509,0.5200505841687267
1.409899227634301,0.3233524460627862,-0.20012771056518613
-0.03750208853167603,0.6717925296020003,-0.04517898719903462
-0.10342417734688626,0.3186807549775185,1.792454832548557
-0.3789944155272061,-0.7038214049602808,-0.02049018557041976
0.3777146781091788,-0.6588264511964859,1.6659966746558827
-0.003790245953031063,-0.6037169862830898,-0.4881982786064953
-0.3439098960192488,-1.497191397905666,-0.5157028126509139
-0.7149366830789464,0.4618354005749727,-1.3470526187528271
-0.6786708887394758,-2.0317166340530917,-0.6621336723307508
0.538123421061926,-0.679518259058975,-0.4576313172776251
-0.3094830374747367,-0.9481463330400662,2.0316872084850623
-1.3707902831500989,1.864234208521456,0.8124228072404077
-1.3165721823085008,0.367971469089272,0.4613333930732898
-1.4296176011309751,0.5056149403475599,-0.062351025980460446
-0.1184272405740531,-1.0004817246859177,0.6950883658005427
-0.6269916678990611,-1.1952740106232624,-0.33868694821151735
-0.17262059321618994,0.901332283622352,0.961370269706675
0.15830289493828623,1.3874539808589907,1.68716503244707
0.11605475997034966,-1.153161539440871,-0.3070412534327246
1.1650035901848987,-1.3353053695964732,0.70934272182609
0.31913706998358327,0.24668124828759097,-0.1780118357411802
-2.0831022834052177,-1.2457490979604002,-0.8013955118059253
0.7739275189957892,0.04750566766715562,-1.9491233515788018
-0.24554073018903555,-0.2671045627724406,0.7257428258614539
1.6579855620388149,-0.9586649627216557,-0.2932825924587065
-1.124164657133771,0.6968293183124143,-0.26777323049576046
0.907145664743208,-0.6654590220912098,-0.8733370085120448
-0.10261205522234706,-0.5188694100061212,-0.42090144080473696
-0.5988058673622654,0.48592328799116125,1.02544830183667
-0.1529506078960523,1.652799181271707,-0.3394919390787217
-0.643644541268085,0.7038227220199791,0.7257564694541133
0.6432820741088796,0.08417431593497689,0.17683276682272978
-0.32514232360332646,-1.0404121029253108,-0.829854674665897
-0.11767558880419059,0.850250700010328,0.8118494156280902
1.9506700764952596,-0.18874834970840934,-0.6634437200671162
-0.39931162043012214,-0.09043037807923784,-0.42911036036193245
-1.4028995367596886,0.49026058841477976,0.2442916176131367
1.0008723745080088,0.6978439631537862,1.6655459553492504
-0.8764061476691642,-0.8454635229678251,1.1379597207263434
-0.6683932313298531,1.1539555702214792,1.683135358404724
0.18176166927145165,-0.1875890730431493,1.7136763556968406
0.15140318101016983,-0.7677258883815871,1.718382752244649
-0.4117657037372677,-0.34700834174788225,-0.6132555805783094
-0.8321949897628381,-1.473060166171543,-0.7395087643135275
-1.6342923509192073,-0.6247785051974508,-0.3415807307609541
-0.008751764366527722,-1.1947501941750216,0.9083844851254755
0.9235066586586521,-0.3168020870358378,-0.06962522075013239
1.0232712618985562,-0.7340579945590746,-1.186841915263852
0.25536866709719636,-2.139578954670817,0.06594758660171304
-0.7713757585382714,-1.6213904585363694,0.65714298483411
0.019992054526187953,-1.278341725486927,-1.5916225326333238
0.5854935660916191,-0.18888158542573932,0.4559955276673807
-0.7397252511864226,0.44997603751083526,0.5385382835456035
1.6310207067058518,-0.880962427692002,-0.2586506169099607
1.5259758874423974,1.2839792685044726,-0.42929423396931515
-0.17956927529160435,0.6171429483374457,0.5187672745006241
-0.24110451279371597,-0.18863046040139597,0.9158746983032776
0.7187217536679571,-1.0438983391395111,-0.03088502087361572
-1.3079248763627433,-0.5670108924577489,1.6265222903025047
0.7708741054269758,-0.49461776097909166,-1.0401228376622538
1.2542016886902874,0.23829230333459564,-0.2591694282357218
1.18787707657448,0.34716405627379915,-0.11336549427240666
1.0308667349257654,-0.4851745258245808,-2.0486875432088834
-0.5743818455280058,0.8072376249842568,0.5704670479252447
-1.7279017770217031,0.21047874988122556,-0.7581881062386869
0.8570471666081662,0.7123550646766441,0.9447647080688659
1.7468512299626209,-0.08664848071509866,0.051146854434047775
1.769075391602339,0.033045903761645845,0.5044568892268066
0.45690190409338594,-1.586852738379268,-0.5980327678495533
-1.3239981227809943,0.2066261185187264,0.2720703467491169
-2.1907280391833748,-0.6566318663008952,0.9948630111487242
-0.07949186749272424,-1.7489439916962242,0.8398387176036946
0.8641102023114505,0.27441444246447144,2.837815350958245
0.09096102109317487,-0.6022231983628052,0.5627375211296006
-2.207697484211723,0.23504133718084189,1.0363857115338635
0.019943942247591218,0.19101588454861432,0.7035733384611546
-0.7460995628635964,0.7564252464915443,-1.7363639256416663
-1.017644772992019,0.2482566268942426,0.0052009911850643045
-0.054564932306911146,-1.1137299639219622,0.20332628601456076
-0.9678617457455744,-0.030689733251006886,0.15875556631761598
-0.47544193671784185,0.164241848337918,-0.3323945309317575
-0.8373606999910319,1.3163826365077245,0.5416729866914713
-0.09479780502145932,-1.23203459987923,0.18140798775869424
-1.2835216084512007,0.8523193195971114,-0.573225630689376
-0.11427672975155975,-1.9433122637851652,-0.8307648969044447
-0.738830286566105,1.039838617030744,-0.10201740953795636
-1.4578664570805469,0.01665745192145,1.1566610499214045
1.5612812236493758,0.3307750086347306,0.8865068486721785
0.020329170491442044,0.5847166051247998,-0.4621327135272724
0.39013032764021355,-1.7827909079438773,-1.0511156605360812
-0.8915396824092381,1.5339501494308907,-0.6006064384032134
-0.2038222327088347,1.3536182573134001,1.8841325263918383
0.08413831344091018,-0.1219625368672655,1.6004436791416503
-0.6539103008496834,-0.48653356188070523,-0.22043001651496258
-0.5523727087283524,-0.48908130789593235,-0.09606309846221256
-0.39336545461098926,0.5597078182328552,0.272457326415737
-0.8892015607705783,-1.4146996555215148,-0.2299468222238729
1.4040861349274159,-0.09992012744113277,-0.5846320112297707
-0.7217251314317471,0.8666710385790511,0.804123602532683
-1.0543938006096967,0.029947017895223606,2.257507078010595
0.4613569973382246,-1.1432809603779228,-0.6158406544308882
0.5817943156632855,-0.8820824013823195,-1.1508317142235118
0.9258268413230144,1.3857647064274996,-1.5296432656984014
0.14187714731019282,-0.5497079487887496,0.8513754482359259
-0.32927765708823487,1.2807174194379285,-0.5961939682373828
0.7049482512406852,0.5584905734765865,-0.8172699441741494
0.06628453837383098,-0.7122727474456994,1.5843065744377984
2.221967656084522,-0.6893123016182294,0.13894848278224928
0.123868149862182,-0.6430170719016262,-0.8801043053547069
-0.4368233913568272,-0.07250890297821987,0.43206440054729045
0.18921793317687124,-0.6492271025452191,0.36356310774948203
-0.5366741511278911,-1.08695780221315,0.38023892975883467
0.8890355053303921,-0.022944241248356145,1.666112017585725
0.6309678669866213,0.43727497754885203,-0.7275650238747268
0.27668410400673044,-0.1514583992240067,-1.283932641278858
1.3149792976241677,-0.4768430340078554,-0.9266185962722309
-0.07143161338430667,1.911676262563105,0.21550784272064716
0.16321637519008442,0.690117810848476,-0.8183630899498896
-0.6866316612124211,-0.7219199015660738,-0.6252874149603913
-0.9968115667814462,-0.10397502819122903,0.3545232728081143
-0.43815058552542985,-0.5472681985519448,-0.2915679887332279
-0.4534578511664696,-1.4246501798329063,-1.5025630532981604
0.7019295848657058,3.0220536518035805,-1.9577609143022068
0.31324286498994425,0.8787529838415862,0.5598315120265204
1.1898246154667458,-0.1183090217534879,-0.14967802234827712
3.9898519784356314,-0.16177114515053626,1.552015194631936
0.6049346830025979,-1.2520594075933646,1.4228367393075
1.4767180006342533,2.1562706572876484,-0.8534740278635224
-0.37350227262878377,0.1237068403081697,0.11283974845895982
-0.16114851323898835,-1.9744724538491483,-0.4591595440980766
-0.4622148842553524,-0.8022083428274023,-0.6317749093525858
0.26294313901906163,0.3023126004175397,0.9692784000227557
2.3021179148475617,1.4280879299964484,0.5404813689190349
-1.1512397386861857,1.6835038063998402,0.7192117339320152
0.4509615161092827,0.8438654240505452,0.5127560714914757
-1.59396217239542,0.8729996712801555,-1.7425924984327543
-0.14682665866287595,1.0129067648343013,-0.22321493446504853
-1.1809735641225596,-0.2223941481607631,-0.8166429676091443
-0.06712503118278663,0.8403621426524656,1.4679722461149378
-1.017141889779089,-0.9115990508076041,-1.337240578643781
0.5301521576597023,1.099358863793637,0.3149174291527325
-0.9093024620005552,-0.0025904943029374044,0.43405118137603876
0.2965418668915206,-0.010894303239677798,-0.3186911231700362
-1.2957416843962206,0.3615884255871744,1.1976394652790066
-1.648478265497067,1.3253948996613116,1.21597010193396
-0.8096566379883751,-1.8166040554169143,-0.42826265140607095
-1.0502240836604717,-1.0999344165425835,-0.2747878857147133
-0.2053463848804053,0.06258502046825781,-0.8770192510610362
1.6910391887709444,1.0775626027493999,-0.5651549694751884
-1.4885386150594246,-0.13707853624134,-0.040933143594370315
0.5299805755788096,-0.6537005147568599,-0.5151835463025353
-0.5669130350166305,0.015461105949518475,-0.13943943127723862
0.0832103876714555,2.181477628991665,-0.5265083832544729
1.1444800406820583,-0.6686576515502521,0.39354855677136263
-1.575428025982813,0.31061405334062614,-2.1922146735552293
-0.8855100235019882,1.7692036646669924,-0.6506646734050243
0.15793166368459804,-0.3065120885304145,-1.7603221757643441
-0.1284133624366219,-0.49590271359029414,-0.004964387582893986
-0.12107238428367266,1.9074829235897148,1.4788977406045354
-0.601133857044817,-0.0976476299344158,-0.022929155437965476
1.3729089796399965,-0.7156801478449596,-0.7937472008990286
1.166672940553773,-0.9268249195966753,0.12990188920776405
-0.9756821549941077,-1.842024206291714,1.2489282154258865
1.612306295506039,-0.3142374944296479,-0.9881638003291555
-0.4398287817272436,0.5887162151791626,0.2250916729719672
1.5941836850852733,-0.18069686256760764,1.0361691538018134
1.770999916341163,-0.10944665255627536,2.071249596140355
0.990159308349215,0.8326982853930098,-0.475246535109535
0.7262786047086893,0.9896434730813968,-0.5344025636267362
-0.36019522741051263,1.0856003447792204,0.7109300683769048
-2.2992976063904704,1.8800295430531768,1.1401137628256572
-1.190561784022312,0.30945821884704106,-0.3687220682790183
-0.24502770752728673,0.8360327628538039,-1.6167000506016407
-0.7065286686713764,-0.8298291083708148,0.3104924215476724
-1.1642168578121532,1.1531944756085026,-0.7002564655799968
1.5635345990121043,1.178068090754114,-1.2586534817078454
0.6919824370801292,-0.19808339296461996,-0.4829146701093874
1.546474209429416,-0.866118696151903,-0.9296157477492109
1.2618212481768654,0.38067786048152435,-1.0517444861828453
0.2555090428467041,-0.15585940121442707,-1.6639456212589507
-0.15377401249446326,-0.2864491939259296,-0.17529430761637113
-0.21714364628614036,1.0381923545782203,-0.5748838467912583
1.6192353496736558,-0.12442536348929521,0.30699857486276066
-2.1326515102351085,-1.6538352259467657,0.17506552363831246
-1.4771430269700276,0.18756659534606918,0.16772906166912746
0.7247191718718251,-0.14538056896306034,0.08261654258138897
1.539461659571485,-1.8794548084465983,-1.4753315704355545
0.8021562222552258,-0.3970055477367494,-0.7751118936437874
0.31831443574707324,0.34828284308988827,-0.14742405441713258
-1.4131376241328333,-0.5068144458778903,-0.7327082612931278
-0.2588093182222602,1.9275519388252011,0.7943506659374984
-0.56306452930693,1.5232124088664625,1.1761934563271577
-2.495646174246218,-1.0041683154932934,0.3055604453550183
-1.2401612075162027,-0.6301321113769017,0.028548090529958457
0.8508216761393298,1.161694726401085,-0.0473958014673238
-0.5083634209968455,0.9556855749142477,1.194236941802456
0.6634402008838073,1.0059146092877262,0.5491144892813222
0.10424329877501783,0.35891716074545366,1.2147494730997932
0.3103987524052519,1.0139126404610297,0.20995052681715443
1.3745931422060156,0.09977204072140945,0.3609703258022902
-0.8171104237929576,-0.7490448710810438,0.22743048183623701
-0.11505219326379391,0.6095749620471927,-2.1772568280298756
-1.8121875382799577,1.0808593288656216,1.4137836080838415
0.9227573478390892,-1.2531066749114217,-0.34707054047365127
0.9988801494855636,-0.4303063978144979,0.36734903418861464
-0.6349323030926873,-0.5497159601079201,0.7817288611324128
-0.9394655537112391,0.9226730396709918,0.11870528827668517
-0.3395065009876829,1.2184481073196451,0.6190809028233947
1.3000505696498008,-0.4389284924387498,0.09739970012100398
-0.531367024291838,1.1117141703095108,1.0274281443205562
0.7538661457996161,1.3389218919143488,-0.3284450417246625
-1.638985958303254,1.5315956636725345,0.9525798617678477
-0.764779067367385,1.6412740361466915,0.5461010907422562
0.8771122547904846,0.6028533985281777,-1.6465162646560245
-0.8907644818453567,0.5002935815299246,1.5657939879541758
-0.9865927063147223,-0.13803130123500226,-0.9897011784515002
-2.121989065110531,-0.9988419542029549,-1.9884032193305536
0.4375302739907109,-1.7407064532423897,-0.4652018230909574
-0.6161877590325833,0.08474334927258771,-0.6510897104735669
-0.3957526316936576,0.19190549455121939,1.2633755201760686
0.5527485637800635,-0.18294363823953208,-0.44715378311893555
-0.7525997695665912,0.34626526162621735,-1.1920493360146478
0.3505730072454736,0.10326502860573787,0.4373789652722785
1.1967745623247024,1.285479121523481,0.1363422047934244
-2.1119031709444256,1.4348476225062259,0.37143368692082024
0.6463898212614501,-1.4439081388779915,-1.2416029003418858
1.1388921344700549,1.5677922376750155,0.05944754651969813
-1.2545400030161158,-1.2319245154957201,-0.7227985672831228
-0.6591450001342551,-0.46608295039624387,0.9315991129380141
0.3763566608529118,0.7199477646329979,-2.1626316521818456
0.4909975284488009,0.5321405179782566,-0.16600064073189005
-0.09240415470182002,1.48589708945672,-0.5614048726403642
0.07889962260673897,2.0470685283738788,-0.9607394228293029
0.18410538925060338,2.2818368493903463,0.8921595640157141
-0.034176792003947756,0.3321452774202011,-0.7667107734416814
1.7344876792740676,-0.5976219472562412,-0.7267770141504436
1.4493643101301317,1.8960240803389137,1.510377265719939
1.8169162317103706,0.9533293219031672,-0.14055527117925012
0.785911124177633,-0.871307000539937,-0.19195839113584864
0.6166360928581195,0.06203173121970722,-0.2940143086180746
0.6647140558037307,-0.36419141714490133,-0.7461975539016068
0.3725945045687686,-0.3964163663038787,-0.39059602423399176
0.15134292957166504,-0.7555490252388477,0.5349447456027525
-0.92590545742704,-1.1051042904087747,-1.4136869817079154
-0.33715939800845407,-1.6711372371339908,0.21414436360164427
0.64468079646284,0.03923488509941511,0.4709558445997206
0.8432174737746744,0.2930664467705559,-0.09535325240221428
-0.9636785598699587,0.35647898490821606,0.29307208763457465
0.34506858627341774,-0.20022965882932553,-0.3655824369292383
0.22323072051123968,0.5790745440763165,-0.2896887913902057
1.4703639719361858,2.4329286580974667,-1.235999135938604
0.9350203040705288,-0.5508375170188137,-0.1263931079997382
0.6524829818035822,0.6032403645910802,-0.6941424246653575
0.11222632517481672,0.5640795432209303,0.5084378557473256
0.0431143354992309,-0.06167876823282188,-1.1373753199981418
-1.6549514480413192,0.313466877841056,-0.13207011979277586
-0.38400175398641595,-0.33086434980338914,1.5804611709211434
-0.9755076808921257,1.5196431554414371,-0.4581127477192599
0.42028197555001484,-1.57179103534626,0.06005644903955165
1.0178587143054147,0.28565189977657246,1.9671193819985224
1.430472323506644,-1.942866790844388,-0.9728942724824793
0.0979152260269248,0.08333487746717672,-1.578090139502653
-0.43613101982183855,-0.773503038283665,1.2363762907011713
2.2782160832728353,0.103699802820727,1.1698219989980054
-0.6511676522063558,-0.6185033754875366,1.1786374497583467
0.7594082840444809,-0.9693223957379234,0.05536227073805224
1.0250506969787594,-0.2776798334427626,1.0565523276829352
1.20902183705719,1.8676712261693722,-0.1679517096101046
-0.3320118650340204,-0.5170722300354141,0.5576405335850111
-1.3251901499494212,1.3174051949375558,0.8628189793364867
2.286313437014308,0.2472697768111775,0.10865632950689329
-0.7871133488062513,-1.3732384481348803,0.9248669888772447
-0.34696296724208253,1.2429615096424564,-1.8360901930616214
1.5964868463941921,-0.22779249498250972,0.9172600793085061
0.9718561991194952,0.1111819863518224,0.7420552659899362
-1.3357270888958768,1.1866236786522597,1.4296338101014376
-0.9476297956916416,-1.8534740800030876,-0.376965659064618
-0.03421859742371268,-0.24649550229140885,0.405441412644458
-0.2610728286243151,-1.4876126819689879,-0.38656202876949697
-0.10110256050267112,-0.9179874938271266,-0.5848070689877037
1.2695914291852357,0.2993760315289296,0.3416505413255546
-1.19590725190913,0.5007289992399491,0.2994094211731969
0.4348672151049433,-0.24023317828468907,-0.5418063532897258
-0.5454216718865184,0.7674298011179048,-1.5494723077890922
2.083685488106983,-1.3276963105256543,0.05660662301613661
-0.4820134823439783,-0.08957656743077957,-0.4634171742491265
-0.11762623836652049,0.4519129590266598,-0.1463716471168004
1.4108162653969811,0.864598605042922,0.10086738813554433
-1.248185111089054,-0.8490539888999565,0.7509543984398372
-0.41509035588653037,0.4688803771157146,-1.1271529381993581
1.3421006610753756,0.894906030623713,0.9464146932248808
1.7964090968769026,-1.6946305103294148,0.459758582845203
-1.146807247031828,-1.5827939420093569,-0.8946608739632972
0.8258928197531676,-0.06289726404459205,-1.1850503504434275
-0.19070808676030035,-1.4402136915998913,-0.05012461254249307
-0.47496728413411626,-0.9918620774515722,-0.9483434349685056
0.048879800216834704,-0.5277275683982567,1.3637162481918519
1.0581023107456649,-0.20392658172711592,-1.310334285244231
-1.846404817268823,-0.20715565434051694,1.2035250714781418
1.5709821860945397,0.004481187878789991,1.1277423799926938
-0.8826740575399903,0.6300637483491068,1.3854220243485857
0.8721933491009815,0.33707447504623833,0.5478759222605891
1.2355096427138919,-0.39346204433995374,-0.4202627941957385
-0.6590108232348642,1.879497290761052,-1.1045518200793754
0.4518592474802542,-0.030270843488366735,0.23058623664953012
0.7255817930034001,1.202970773520329,-1.3124844567096319
0.7986001229267321,-1.6649482192485818,-1.6350605633625703
1.403734969667855,0.09506343218617971,1.5343718981983747
-1.0741357395073032,-0.3170042095469675,-0.1187683953181924
-1.3089614677417942,-0.6183728196412652,0.498321226048216
1.976455058370834,0.5019731474834772,-0.1911390361341851
-1.5494005371580368,0.23129362665931522,0.39903414415575594
1.6799318422012572,0.31745499496724877,-0.4582573081132062
0.7298338894133796,-0.24659964324927974,-0.6367166759458486
0.11892594981487993,0.34500809076456423,-0.5980969751508225
-1.3378983594900455,0.8871544424038204,0.5178384092698085
0.851773740803351,1.8595856340654182,-0.745386815006354
0.7645987969511489,0.32901305507605166,-0.41885460656536
0.7042881416462582,0.3466371433350222,-0.2207139714810626
-0.012265696950288302,-1.266320153189286,-0.03078618465735362
1.279707760858746,0.9997878143670674,0.3798219274962023
-2.1933499010058792,-0.3556059938331747,0.6637826767448941
-1.4089585567385263,1.378746071833817,1.948893553474352
2.2079841216597735,-0.6684183580951615,-0.9861580091773612
1.2224770052971652,-0.1334462407716747,-0.2971813851743265
0.5129827178161313,-1.7397701566269594,0.5289135996760075
1.1879812317605996,0.22392455435565828,-0.5194051735116804
-0.41150629239190956,-0.9706530260704495,0.29819662296597893
0.18149034573522224,0.4663032832257864,1.0604264835006993
-0.04394524085191053,0.9707471536201102,-1.882600317054012
-0.08693682080284595,0.08974738572366776,0.7361596983481721
1.1781054398671398,-0.8571590676170804,-0.34458806973761014
-1.7953730177787497,-0.9139280149008056,-0.38999917665241496
-0.5581106811484899,0.9663892996912345,0.5824017030630555
-0.9716302011377865,-0.2226114086363865,-0.9403190192480476
0.39908411355622037,-0.5327128779169056,-0.7135049332499641
-0.07942697784010877,-0.17262838044554993,-1.055862295649828
0.9088228157322357,-0.3241133662130123,1.763248660001016
-0.11908911180794232,1.5802359048735584,0.7153114592206268
0.28623180433137785,-0.013019942899840473,0.3396629220524322
0.5424601567548221,0.37084057340424015,0.8574485177432116
0.019148521558702013,0.0656757623070975,-1.9402189530372447
0.7770492236492984,1.711460861028167,0.7386384157154371
-0.18707751996874433,-0.6252916268093314,0.1377980084991107
-0.11204813639569004,2.0523695419970975,-0.24328929279231817
-0.06244399498139659,0.7320646766371511,1.9820117782764797
0.9698575151282861,1.0430246053179253,0.8446238946049459
-1.3226664421906502,-1.1570985098514817,-0.36447328572850873
1.0886851961783206,-0.6319354258560266,0.5517863510994764
-0.1102674579792674,-2.0701404652207978,1.652958690509039
1.2458832375038917,0.48623268254587937,0.3869631166333948
-1.5058039360286477,-0.07453939875905571,0.4163386674899149
-0.14306602731067397,0.9781106425812267,-0.15929701745073674
-0.7310932454365797,-1.608102711166092,-0.12919652334782517
-0.2894744378905609,-0.14632410969253243,0.46376843070515894
-0.5312944016335771,-0.494505274342137,-1.2184572276696062
-2.190423648275416,0.13657408018926728,-0.9124563141534571
-0.03677246149133448,3.274827424019833,-0.21585456190618638
0.4415715367292929,0.3509216549600406,1.4428817681412682
-0.2131411839071677,0.1559609091738719,0.49937328233307915
0.9161654188444122,0.3440216652583483,0.6535403546169916
-0.5977780864039066,1.4092054034122918,-0.9469328980291531
-0.8253299620428401,-0.7232473651484363,-0.868122804136303
-0.05455197448964886,-1.5318412402375534,-0.9893132238545038
-0.18714608309559505,0.23512784747621998,-1.291832143944783
1.8640733088768788,0.27868117390702607,-1.0454941851140849
-0.16157778884870158,-0.1590541748761566,1.1113475876997483
1.6501279732593506,-2.3040889476598485,-0.9103894781884051
0.6353732201056119,0.26854816374736673,0.10295389703941366
-0.10987493670237053,0.9170552305855083,-0.10971709480935121
-0.6481677498953966,-3.493494348428447,0.8281222899773791
0.00784790217527687,-0.06820714548764638,-0.6779791240550814
-0.008236871535932442,-0.2180577290117794,0.8946194969490511
1.3179513227790705,2.9005447058402476,1.3386426698417482
0.15563828102851107,0.28443084882369335,1.539099205118721
0.4210447129537961,-1.015976846940847,0.09324798903115213
0.7769662194162379,-1.5585774645790984,-0.7377243225322608
0.2509356748595312,2.355505550258624,0.37800354619326065
-0.5050325623282573,-1.2415968576942649,1.430774214006042
-1.2623257867907216,0.5449842356331771,0.04446506749557929
0.9792712420576767,2.553913218380439,-0.6899377234504451
0.5659167844815488,0.8142837836640854,0.4179009976765622
0.8785951178443275,0.8834648487960269,0.32344233939235356
-1.4515271620286514,-0.19918117871554628,1.2845590348398408
1.1058999847319686,-0.91925685405096,-0.7808988109006965
0.16959534393291983,0.2083399875438805,-0.3244910711540037
0.9985287961188918,1.1815041388994385,-0.5440787158559356
0.011447587652304905,0.7893730511490475,-0.5760754887424836
0.006913166085075568,-0.10809494392903944,-0.48984549675938044
-0.02354447534838379,-2.6770518129355287,-0.7906862239301599
-0.28779353901795895,-1.3862868784052471,1.0754852078535257
-1.015916675253551,-0.0680240649132692,-0.045913489402285394
-0.29655965043211113,-0.5964567346552356,0.30339222026605417
0.7129324593216001,-0.18129345694453367,0.7558750252436082
0.968023982089348,-1.5954432169714101,-0.26200224571595
-0.5231972533317069,-0.9136220579502841,-0.6535307677505263
0.46190781492598193,0.13226420039654446,0.009076178257430465
-0.22144794610127289,-1.3155462196129404,1.6163102675956673
0.20137147874792846,1.0056048008804714,1.7718688973166925
0.7455368206974121,-0.5595680115241641,-0.250597671235865
-1.4941572891976334,-0.7485570985944127,0.6335443507646538
-0.5948480161348075,0.9265610993904362,0.4714959216456082
1.3199539536909268,0.15408216187803353,-1.1726388453461418
0.8750407290047262,-2.2834284098064823,0.624025582958884
-1.0709000589879327,2.253544970461758,1.201047841245833
0.23800845791213307,-0.06532961316526789,0.04478356627478267
-0.37850020148784647,0.17706718857728773,-2.4303027752598974
0.33905689029240454,-0.2296542423641271,-0.435341229102115
0.019312761384347742,0.4414966782278023,-2.6159160102035335
-1.1948854847294665,-0.11826591741599225,0.38720474808693744
1.5365450330956096,-1.450784057878627,-0.2974147485305173
-0.24896007887378196,0.35817251670181943,-0.24030712449542396
-2.3956467791780987,-2.5119301470150592,1.2478178089471574
0.23033583080355943,1.9980825370367965,0.777367156129518
-0.9790219194189508,0.6221546444143222,-0.4953013894854775
1.2440005315545557,0.643121579001432,-2.0867965665336103
0.5959710532044824,-0.07252922000769269,-1.681086026827754
2.03477184511267,-0.4150410863746452,0.14433521685703568
0.2770225352283709,1.0631452070041856,0.24973694837418034
-2.0177331310530087,0.9363270239998119,0.2529790563411042
-1.1046159502697395,-0.9334442720193996,-0.13494993034518546
0.8604508895761452,0.9291572650537311,0.4358163652136354
0.48282643448049456,0.9964662267391741,-0.19841067776264487
-0.01616731108935154,-0.28361173585063887,0.0104162190954345
1.1213387903156025,2.3706875295895946,-0.9191140651788581
-0.2110203013395383,-0.6484780903621034,0.10971935408528281
-0.6108813033882474,0.2737449931399007,-0.27532243831839737
0.266599105441512,-0.8203659190520423,-0.5681070145062875
-0.10006482158654005,-1.1976716747127891,0.8346809564192607
-0.7175432383152094,-0.19995773791489557,1.4113236364482917
0.26377185837679895,-0.14475070779315727,0.6846567046377773
0.39587557755232233,1.3015049528534532,0.26874353968720993
-0.45981801639373066,0.31191637837989883,-0.6563953773818382
-1.2740039717990428,-2.392114475618476,-0.16847912768415083
0.16630155086941473,0.24456943927261526,-0.6433833742248257
-2.1084703606072894,1.1837943678047111,-0.8244881943124261
-1.6561892774505742,-1.4366517039404367,-1.958231444241072
0.1789166170589689,0.09216427873124637,1.0393834059927287
-0.5693278883267947,-1.0455182081140817,-1.6707774224643055
1.0107308751142163,0.2454412709738549,-0.003248337871450824
-0.3065898986920567,-0.030021289961520852,1.7869958922059497
1.0989975436514539,1.2086778277727621,-0.24903487719990153
0.8864358540458241,-1.0249057070250165,-0.6623511593750793
0.9743363219063639,-0.07582512209511706,-2.4966592645347876
0.10247532363513547,-0.14549482576689263,0.4858770400998572
-0.48777646972965205,-0.5275130618165068,1.2318930368169225
0.14474240749966583,1.0354249597173066,0.24206103007219207
-1.9929184580910395,-1.234833735099826,0.6046323650984522
2.4411233376320784,-0.30703862330365067,1.293651608423721
1.1570635366356286,0.09217359899278278,-0.11983648370061013
-1.131930122853277,-0.05382388771585674,-1.0313832637236573
-0.05628230764663985,1.4498489908751055,0.8944147229852281
-1.3368795585192483,-0.11184919004363983,-0.32070090790709965
1.358042217131514,-0.154651858760119,1.1965642522250368
0.1588455664642624,0.5750802701306608,-1.1076886614440977
0.9783789256839873,0.41289882550267487,-0.8833056635743443
-0.9011026074081532,1.3139474439580887,0.401875653309377
0.7382675041222385,2.0702495048060436,0.8063854501855251
0.3627224990621216,-1.4499768915251328,0.652094292098042
0.9664117375074603,-1.3230136441150102,-0.4043766884009986
0.37215503930029886,-0.9039846782286497,2.2450388648987167
-0.4840576084015471,-1.515985727478863,1.696882828561656
-0.15243669817283148,-2.0412851478416707,1.1512186817350867
-0.1658635722140443,-0.5001677981777327,0.2848881563584853
-1.199178568427858,0.29053503995874114,-0.04399109199404209
0.14456321895941127,0.8848816053551483,0.015527751504120571
-0.5659747519371908,-0.13043367638776687,1.9707910838966154
-0.12441375755208574,0.6717763525308016,0.421329919826726
-0.4663977414206708,-0.018209492931421885,-0.6754747271406337
0.4397971214745403,0.07815074318820862,0.03290744628872213
-1.6933833122825404,-1.1211690910639571,-1.8818451131846332
0.2625914284003225,0.6335101539639889,-0.292145208193179
2.783214496346508,0.17902952245708495,-2.124178142379812
1.062546043734733,-0.12976164370442192,0.7069721251606097
-0.04556114638921051,-0.258795304633323,-0.5785591319470625
2.4858229332238206,0.6803461388985605,-0.10097511890402794
-0.9777359682315732,0.018204516474285847,0.538504375034177
-0.12273277855523436,-1.5477692723313623,0.5578786578502181
0.8181851478177561,2.6345204077340676,0.9251761636974453
1.6823412299315148,0.9148188422233529,0.253140037268759
2.0753121214646146,2.0129775572174275,-1.4436002199585163
0.026443745704786168,-1.8133168552479906,-0.10936496629994838
0.8638942436610402,-0.6704514839737863,-1.5742786018884105
1.0499591739163063,0.06363449456386336,-0.9788039724045539
-0.5090405984586508,0.9293476961335516,2.2300888091833033
1.199585528286723,-0.8385472895035965,0.33370836942555754
0.8330393636815991,-1.313566899205768,0.8567502397716383
-0.6203170415236882,0.17207765884453746,-2.16721454395704
2.1352840710787637,-0.19760147684346827,-0.3839972270877838
0.28521439956175276,0.9925286906778383,0.6694108357487735
0.32709750713848307,2.055302422793239,1.1906084948598472
0.1411001943301248,-1.4111554132169877,-1.277699232551233
0.8027708700369328,-0.10830109192030214,1.2414094398288298
-0.18344696081114495,0.025173427238060587,0.9999726565877208
0.4653437000700086,-0.3295949590918489,-0.014802038502242215
-0.5949438240669402,0.8788229838296394,-0.6114147270737886
-0.9738902177811767,-0.5680341812730799,-1.6980684792333158
-1.6544470248819143,-0.26929573266768964,-0.024956484591995672
0.10325571495730175,0.1665338174743186,-0.47789552330695406
0.8234528898917289,-0.8185893680975967,-0.703792145619335
0.5088077125146464,0.26122175794348357,0.9219483834745841
-0.5961103733595107,0.9188116644557985,-0.0952383461168215
-0.9076394385730921,-0.30856448311277995,-1.1459374907871454
-0.3468485837094677,-1.5660805571114527,0.8128261707653469
-0.5791197841438879,0.6340937797847415,1.9785618410911825
-0.7661608970245599,1.2784770537641343,-0.6073010887839667
-2.3189550243217005,-1.79219653713162,0.9709341509218073
0.15819251250197694,-1.316901694171789,0.5030631344745597
1.0525147734947797,0.3945888953181285,1.3832396030028697
0.13082599683568663,-0.13039741455142714,-0.12625355960277548
0.2327062864735563,-0.6217345527210608,0.5861644729724282
0.29910016211904,-0.6543218990240485,-0.1257700447761928
-1.3950108161300205,-1.6439200310221471,1.501415672384637
0.7241452230033285,0.17700312769802207,0.27141645250119395
-0.7513731771712038,0.7864826542941251,0.9492596573778539
-0.4650535908121954,1.7378483435761507,-0.3696550795510156
-0.15786293280306532,-0.8543066325459439,0.9542238810359454
-2.6712566524654275,1.058598251793763,0.448768926305362
1.1228747411688174,-0.4072099805708453,-0.9085392987286732
-0.8691392328460442,-0.363573811391995,-0.23165513444904182
0.10597363383543243,2.297477322163399,0.18424813288441966
0.7411445287332891,-0.6903712578340166,1.5007435004020881
-0.4308294976019519,0.7793664923136897,-0.9548408773500687
-0.3692898533622857,-0.8669167668161225,-0.7053153302562611
-1.279969526260964,0.030238003176304665,-1.6572119770217564
-0.22303049843801862,0.10424869919699231,1.832877036955099
-0.8154633185066382,-0.751879197982621,-1.207000139710384
-0.06178445955965342,-0.05002146671045453,-0.7188274275932539
0.31282961762832007,2.0853866087962056,1.5262418594869032
-0.2833828203360097,-2.235888536304362,-1.5522069158420908
-0.08295156851237707,-0.04273085731998576,-1.4113145989732703
0.1350190010696433,-1.2221190407827158,0.6469978614864005
1.3765835834081586,0.793935664323266,-1.3402139414188963
-0.5969067537841506,0.7389265777880993,0.3509631735576684
1.8630416265365546,-1.2786598117369419,0.5462124247563588
0.5739109346141119,0.670941245720819,-0.20904513722432336
-0.10851697682210158,-1.1530097682265874,-0.28984228765320263
-1.1330524372281798,-1.0804726614186153,0.5566375742431002
3.296702625422846,1.0044042804561224,0.9788230668598821
-1.0839158197925245,1.4346265487786964,0.8209220847738279
1.5878167018647318,0.5419774533796979,-0.48258151175988256
0.39047882851980525,0.2265922662375908,0.6111210441041074
0.5974580920137461,0.3025743822262368,-0.2429307671493863
-0.23854010385672628,-0.8114634493669763,0.7893534059069259
0.006471407543398365,0.7369039114515441,0.8915256335119381
1.025917373938813,-2.9691428441362486,-1.3453823654017152
0.1765421402095592,-1.0903357780622325,0.28432401435201304
-1.3626801633488825,-0.5336938368187879,-1.612792116341778
0.7111955507747377,-0.25459140081441145,-1.021417929750203
1.1969862217017024,-0.7255330879443399,0.8134952482636902
1.1058989599246665,-0.46211044665126627,1.6536789480074667
-0.18323839395835573,0.9946447401995865,-0.04012895635929586
0.9385686959931792,-1.101818498284143,-0.7128162966922281
0.9169049375597214,0.05781643479152238,-0.5911074170250921
0.5802280820352947,-1.1720170121032174,2.0606251810852023
0.20848413811535332,2.0786492903807723,-0.4128027906299207
1.9008105971129994,2.1390602816215583,-0.47618643391453835
2.608512729537825,-1.7999016642217474,-0.6084598687816766
-1.2772032267342879,0.603733877546359,1.7745443307076103
0.5616991898452199,0.23000320606671307,-0.36323086090115203
-0.09471716797931329,-1.062738174630541,0.7222865573879244
-0.2690778131233853,-0.7782584473113692,1.7166385961893726
1.305696964053532,0.40971505537709285,-0.23002758881587168
2.03070319000198,0.6816732429002377,-0.1214857611540894
1.196147095275382,0.8364973684737987,-1.0497246668965248
0.610696888281228,0.9787720172547465,0.533692839744618
1.3017936226569202,-0.3906896662506585,-1.74259786217616
0.3947582741843305,-0.5912968575982801,-0.36303854480088854
-0.06559598458370594,-1.425909082442425,-1.4308157396538328
0.26546169509582895,-0.23388824797232144,0.8289196728708329
0.7203680126226972,0.4691368868161795,-1.8776559008099356
0.909608419993828,0.9783186236338077,-1.3855702297289
1.1806353191549748,-0.04531602278364662,0.0894114190784192
0.781453595391198,-1.4457442302488734,0.05627866207017544
-0.39427446254432985,-1.0191109863274754,-0.23203288447999867
-0.18786996470908834,-1.8320161032566722,-1.440430183777688
-2.024988101342183,1.3307131847899485,-0.5765209418352734
-0.7965096052248007,1.1545099373550096,-1.3879367639908373
-0.10129966014918951,1.378184983879815,-0.38950373341548
-0.6124141140849616,0.005715398629481182,-1.232168418927517
-0.8987136768773512,0.6419429264831222,-1.714044107764248
1.9534541474896565,0.658765204253207,0.7739837743177999
-0.9066620026506652,0.2504666003235068,-0.2966144505397332
-2.28378395705012,0.2250871239370257,-0.34737211567191756
-1.1773837310754762,-0.35125637360423984,-2.288421927940028
1.6954254945219434,-0.10366838028264748,0.7676470700065998
-0.18877620875045323,0.6702928697883705,0.47318436070879166
0.667599962581181,1.0760893693357323,-0.2261676675878406
0.12774017293466938,0.37879393551248025,1.0936867613941472
1.423562697197976,0.40754866065663875,-0.2101110461121003
0.18902388475607804,-1.6919992444529859,-0.8677785875330974
1.2811502335478835,-0.9741811532403059,0.14074256926076692
-0.8568881691631522,1.1444823264272073,0.6971905493519027
-0.283017402809035,-0.2506564772990091,0.09815862044522433
1.1153766144030735,-0.9769174093655476,0.26095941404074435
-0.511010708259257,1.1471962994898908,-2.7224412182920292
0.6003349615454011,0.8001987153107248,-2.211900867413163
-1.0514414550125915,0.6700089014010358,0.1798138502876378
0.9468164137653857,1.4341654621312765,-0.48894987338653056
-0.41705585088519137,1.377295180935785,0.5752752964823713
-0.5821447143698425,1.1776903948794877,0.5468870114851184
-1.0562269380628013,0.12023034735061441,-0.02635565998864061
0.08953503108136865,0.7549980625433022,1.0452926489628653
-0.1081084393532509,0.5190644948123071,-1.5399228049622462
-0.31863250164289386,-0.2060663415964067,-0.07241299567885551
0.5491524667632294,0.4591268358652255,-0.03142545762625663
0.002218893766933803,-0.40180944723167633,1.8553046740156902
0.16762817398127897,0.17960925997233235,-0.0987297608347442
1.5166930059041746,0.7590386039639211,2.1567841949518525
-1.0871024661610635,1.6471860894934491,0.3436208777548537
1.8310932493531835,-0.5094601850339191,-0.22110646678214518
0.07608681725407133,0.0656853988573929,-1.1434444919091231
-1.5913678537087566,0.2602131659897025,-2.0029683422040665
1.122543670845733,-0.6520783577907505,-1.6047881460588975
2.0718931241191467,-0.7279137077332732,-0.11517006759044617
-0.016648964982424536,-0.7724515833761051,-1.4556253854336667
2.191942557731145,-1.0514218804789957,0.9000359523779949
0.834383084300108,0.9479819351038392,2.1628805746631565
0.5940856134363428,0.952485892000074,0.89010971918838
-0.050557588753278496,-1.195407261039269,-0.5731841909735814
0.07274402052302863,0.30262279065757347,1.6906484405872813
0.5872012256201639,1.1261449744236065,1.2078419577298871
0.023513148661297174,-0.49612538980226906,-1.549594883934654
0.5877139463137492,-0.1459510294583099,0.8624966855451152
-1.2148937842401015,1.659161032929342,1.1540456625158824
0.44318157596965885,0.9024506665795977,-0.9915005980563149
-0.943563276863943,-1.42164614658911,-0.6293962401204637
0.9163681700872843,0.3484192586996175,1.9366923028357803
-0.42127193544630753,-0.4258097476484414,0.23532458186428112
-0.7314942646577667,0.13010163379284334,-0.903621961681673
-1.1497059113925043,0.43579959404184937,0.5852487249931645
